{
    "DataType": "TrashItemData",
    "DataVersion": 0,
    "GameVersion": "0.2.9f4",
    "TrashID": "litter1",
    "GUID": "00cdca10-74f7-4636-81c4-a58d3beb4ec9",
    "Position": {
        "x": -22.624130249023439,
        "y": -0.001607092097401619,
        "z": 91.04631042480469
    },
    "Rotation": {
        "x": -0.4764368534088135,
        "y": -0.5225459337234497,
        "z": -0.5224258899688721,
        "w": 0.47647133469581606
    }
}